{"stats":{"minecraft:custom":{"minecraft:jump":51,"minecraft:time_since_rest":3308,"minecraft:leave_game":1,"minecraft:damage_dealt":100,"minecraft:sprint_one_cm":3089,"minecraft:play_time":3308,"minecraft:time_since_death":3308,"minecraft:walk_one_cm":3680,"minecraft:total_world_time":3308,"minecraft:mob_kills":1,"minecraft:drop":1,"minecraft:fall_one_cm":894,"minecraft:fly_one_cm":6105},"minecraft:dropped":{"minecraft:spruce_sapling":1},"minecraft:killed":{"minecraft:goat":1},"minecraft:picked_up":{"minecraft:spruce_sapling":4,"minecraft:dirt":4},"minecraft:mined":{"minecraft:ice":1,"minecraft:spruce_leaves":2,"minecraft:spruce_sapling":3,"minecraft:dirt":4,"minecraft:packed_ice":1},"minecraft:used":{"minecraft:dirt":4,"minecraft:spruce_sapling":3}},"DataVersion":2975}