{"stats":{"minecraft:custom":{"minecraft:time_since_rest":2164,"minecraft:sprint_one_cm":8774,"minecraft:play_time":6018,"minecraft:damage_taken":10,"minecraft:deaths":1,"minecraft:walk_one_cm":8242,"minecraft:mob_kills":1,"minecraft:drop":1,"minecraft:jump":85,"minecraft:damage_dealt":158,"minecraft:leave_game":3,"minecraft:time_since_death":2017,"minecraft:total_world_time":6018,"minecraft:fall_one_cm":2336,"minecraft:fly_one_cm":10041},"minecraft:dropped":{"minecraft:spruce_sapling":1},"minecraft:killed":{"minecraft:goat":1},"minecraft:picked_up":{"minecraft:spruce_sapling":4,"minecraft:dirt":4},"minecraft:mined":{"minecraft:spruce_sapling":3,"minecraft:dirt":4,"minecraft:packed_ice":2,"minecraft:ice":1,"minecraft:spruce_leaves":2},"minecraft:used":{"minecraft:dirt":4,"minecraft:cave_spider_spawn_egg":1,"minecraft:spruce_sapling":3}},"DataVersion":2975}